id,scientific_name,best_identity,Superkingdom,Kingdom,Phylum,Class,Order,Family,Genus,Species,rank,count,Sard_69_EtOH,Sard_69_Si,Sard_70_EtOH,Sard_70_Si,Sard_71_EtOH,Sard_71_Si,Sard_72_EtOH,Sard_72_Si,Sard_73_EtOH,Sard_73_Si,Sard_74_EtOH,Sard_74_Si,Sard_75_EtOH,Sard_75_Si,Sard_77_EtOH,Sard_77_Si,Sard_80_EtOH,Sard_80_Si,Sard_84_EtOH,Sard_84_Si,Adr_110_EtOH,Adr_110_Si,Adr_115_EtOH,Adr_115_Si,Adr_118_EtOH,Adr_118_Si,Adr_87_EtOH,Adr_87_Si,Adr_89_EtOH,Adr_89_Si,Tyrr_48_EtOH,Tyrr_48_Si,Tyrr_59_EtOH,Tyrr_59_Si,Tyrr_71_EtOH,Tyrr_71_Si,Tyrr_83_EtOH,Tyrr_83_Si,Tyrr_87_EtOH,Tyrr_87_Si,Tyrr_10_EtOH,Tyrr_10_Si
OTU_01,Alepocephalus,0.98,Opisthokonta,Metazoa,Chordata,Actinopterygii,Alepocephaliformes,Alepocephalidae,Alepocephalus,NA,genus,3113,1,0,4,1,0,0,0,1,1,0,2,0,1,1,0,0,0,0,0,1,0,0,0,1,0,0,0,0,0,0,0,0,0,0,0,0,0,0,0,0,1,0
OTU_02,Alosa fallax,1,Opisthokonta,Metazoa,Chordata,Actinopterygii,Clupeiformes,Clupeidae,Alosa,Alosa fallax,species,228,0,0,0,0,0,0,0,0,0,0,0,0,0,0,0,0,0,0,0,0,0,0,0,0,9,219,0,0,0,0,0,0,0,0,0,0,0,0,0,0,0,0
OTU_03,Aphia minuta,1,Opisthokonta,Metazoa,Chordata,Actinopterygii,Gobiiformes,Gobiidae,Aphia,Aphia minuta,species,91,64,0,1,0,0,0,0,0,0,0,0,0,0,0,0,0,0,0,0,0,0,0,0,0,0,0,0,0,0,0,22,0,0,0,0,0,0,0,4,0,0,0
OTU_04,Arctozenus risso,0.98,Opisthokonta,Metazoa,Chordata,Actinopterygii,Aulopiformes,Paralepididae,Arctozenus,Arctozenus risso,species,383,0,0,0,0,0,0,0,0,0,0,0,0,0,0,0,0,16,7,0,0,0,0,0,0,0,0,0,0,0,0,0,0,0,0,3,0,0,0,0,0,0,0
OTU_05,Argentina sphyraena,1,Opisthokonta,Metazoa,Chordata,Actinopterygii,Argentiniformes,Argentinidae,Argentina,Argentina sphyraena,species,4430,8,0,10,9,766,3,98,45,95,344,735,305,319,311,213,235,2,151,11,22,0,1,1,0,1,0,0,0,0,0,0,0,0,0,3,0,147,87,0,0,0,0
OTU_06,Arnoglossus laterna,1,Opisthokonta,Metazoa,Chordata,Actinopterygii,Pleuronectiformes,Bothidae,Arnoglossus,Arnoglossus laterna,species,1693,20,0,28,39,1,1,9,0,157,0,1,17,3,5,1,0,0,0,0,0,282,0,41,66,18,51,62,266,520,28,0,8,0,0,0,0,0,2,54,7,0,0
OTU_07,Boops boops,1,Opisthokonta,Metazoa,Chordata,Actinopterygii,Spariformes,Sparidae,Boops,Boops boops,species,578,0,0,4,2,0,0,3,0,0,0,0,0,1,0,0,0,0,0,0,0,0,0,0,0,0,0,0,0,0,0,45,11,30,35,0,0,0,0,0,7,0,0
OTU_08,Capros aper,1,Opisthokonta,Metazoa,Chordata,Actinopterygii,Caproiformes,Caproidae,Capros,Capros aper,species,2650,5,1,0,0,1,0,0,1,7,4,1678,62,110,11,181,132,1,3,90,260,0,0,0,0,0,0,0,0,0,0,1,0,0,0,0,0,13,10,1,0,0,0
OTU_09,Cepola macrophthalma,1,Opisthokonta,Metazoa,Chordata,Actinopterygii,Perciformes,Cepolidae,Cepola,Cepola macrophthalma,species,229,0,0,0,0,0,0,0,0,0,0,0,0,0,0,0,0,0,0,0,0,0,0,0,0,42,61,0,0,14,1,0,0,1,0,0,0,0,0,2,1,0,0
OTU_10,Ceratoscopelus maderensis,1,Opisthokonta,Metazoa,Chordata,Actinopterygii,Myctophiformes,Myctophidae,Ceratoscopelus,Ceratoscopelus maderensis,species,109,0,0,0,4,0,0,0,25,0,0,0,10,0,0,6,5,7,51,0,0,0,0,0,0,0,0,0,0,0,0,0,0,0,0,0,0,0,0,0,0,0,0
OTU_11,Chauliodus,0.98,Opisthokonta,Metazoa,Chordata,Actinopterygii,Stomiiformes,Stomiidae,Chauliodus,NA,genus,18,0,0,0,0,0,0,0,0,0,0,0,0,0,0,0,0,0,0,0,0,0,0,0,0,0,0,0,0,0,0,0,0,0,0,0,0,0,0,0,0,0,0
OTU_12,Chelidonichthys,0.98,Opisthokonta,Metazoa,Chordata,Actinopterygii,Perciformes,Triglidae,Chelidonichthys,NA,genus,377,0,0,0,0,0,0,0,1,0,1,0,0,59,150,37,108,0,21,0,0,0,0,0,0,0,0,0,0,0,0,0,0,0,0,0,0,0,0,0,0,0,0
OTU_13,Chimaera monstrosa,0.99,Opisthokonta,Metazoa,Chordata,Chondrichthyes,Chimaeriformes,Chimaeridae,Chimaera,Chimaera monstrosa,species,38707,0,2,4,0,2,0,0,2,3,0,4,4,0,2,0,0,0,0,0,0,1,0,0,0,0,0,0,0,0,0,0,0,2,0,1112,934,0,0,0,0,5065,10221
OTU_14,Chlorophthalmus agassizi,1,Opisthokonta,Metazoa,Chordata,Actinopterygii,Aulopiformes,Chlorophthalmidae,Chlorophthalmus,Chlorophthalmus agassizi,species,8989,2,1,8,22,2,1,1,0,1,1,2,1,2,50,73,1,1327,5692,1,2,0,0,0,0,0,0,0,0,0,0,0,0,0,0,47,8,12,1,0,1,0,0
OTU_15,Citharus linguatula,0.98,Opisthokonta,Metazoa,Chordata,Actinopterygii,Pleuronectiformes,Citharidae,Citharus,Citharus linguatula,species,1848,1,0,0,0,0,2,306,521,921,81,0,0,0,0,1,0,0,0,0,0,0,0,0,0,0,0,5,5,2,1,0,0,0,0,0,0,0,0,0,0,0,0
OTU_16,Coelorinchus caelorhincus,0.98,Opisthokonta,Metazoa,Chordata,Actinopterygii,Gadiformes,Macrouridae,Coelorinchus,Coelorinchus caelorhincus,species,51,4,0,0,0,0,0,0,0,0,0,0,0,0,0,0,0,0,11,0,0,0,0,0,0,0,0,0,0,0,0,0,0,0,0,0,0,0,0,0,0,0,0
OTU_17,Conger conger,1,Opisthokonta,Metazoa,Chordata,Actinopterygii,Anguilliformes,Congridae,Conger,Conger conger,species,111,0,0,0,0,0,0,0,0,11,15,0,0,0,0,0,0,0,0,2,19,0,0,0,0,0,0,0,0,0,0,0,0,0,0,1,2,0,0,2,2,0,0
OTU_18,Crystallogobius linearis,0.987804878,Opisthokonta,Metazoa,Chordata,Actinopterygii,Gobiiformes,Gobiidae,Crystallogobius,Crystallogobius linearis,species,126,37,1,0,0,1,0,0,0,36,39,11,0,0,0,0,0,0,0,0,0,0,0,0,0,0,0,0,0,0,0,0,0,0,0,0,0,0,0,0,0,0,0
OTU_19,Cyclothone microdon,1,Opisthokonta,Metazoa,Chordata,Actinopterygii,Stomiiformes,Gonostomatidae,Cyclothone,Cyclothone microdon,species,1166,1,0,1,0,1,6,1,7,2,0,0,3,0,3,1,0,29,5,0,0,0,0,0,1,0,0,0,0,0,0,0,1,0,0,0,0,0,1,1,0,0,0
OTU_20,Dactylopterus volitans,0.99,Opisthokonta,Metazoa,Chordata,Actinopterygii,Scorpaeniformes,Dactylopteridae,Dactylopterus,Dactylopterus volitans,species,2,0,0,0,2,0,0,0,0,0,0,0,0,0,0,0,0,0,0,0,0,0,0,0,0,0,0,0,0,0,0,0,0,0,0,0,0,0,0,0,0,0,0
OTU_21,Dasyatis pastinaca,1,Opisthokonta,Metazoa,Chordata,Chondrichthyes,Myliobatiformes,Dasyatidae,Dasyatis,Dasyatis pastinaca,species,197,170,17,0,10,0,0,0,0,0,0,0,0,0,0,0,0,0,0,0,0,0,0,0,0,0,0,0,0,0,0,0,0,0,0,0,0,0,0,0,0,0,0
OTU_22,Dentex,0.98,Opisthokonta,Metazoa,Chordata,Actinopterygii,Spariformes,Sparidae,Dentex,NA,genus,4,0,0,0,0,0,0,0,0,0,0,0,0,0,0,0,0,0,0,0,0,0,0,0,0,0,0,0,4,0,0,0,0,0,0,0,0,0,0,0,0,0,0
OTU_23,Diaphus,0.98,Opisthokonta,Metazoa,Chordata,Actinopterygii,Myctophiformes,Myctophidae,Diaphus,NA,genus,48,0,0,0,0,0,0,0,0,0,0,0,0,0,0,0,0,27,10,0,0,0,0,0,0,0,0,0,0,0,0,0,0,0,0,0,0,7,3,0,0,0,0
OTU_24,Diaphus metopoclampus,1,Opisthokonta,Metazoa,Chordata,Actinopterygii,Myctophiformes,Myctophidae,Diaphus,Diaphus metopoclampus,species,22,0,0,0,0,0,0,0,0,0,0,0,0,0,0,0,0,0,0,0,0,0,0,0,0,0,0,0,0,0,0,0,0,0,0,16,6,0,0,0,0,0,0
OTU_25,Diaphus rafinesquii,0.99,Opisthokonta,Metazoa,Chordata,Actinopterygii,Myctophiformes,Myctophidae,Diaphus,Diaphus rafinesquii,species,1426,0,0,0,0,1,0,0,0,2,0,0,0,0,0,0,0,4,18,0,0,0,0,0,0,0,0,0,0,0,0,0,0,0,0,0,0,0,0,0,0,0,8
OTU_26,Dipturus oxyrinchus,1,Opisthokonta,Metazoa,Chordata,Chondrichthyes,Rajiformes,Rajidae,Dipturus,Dipturus oxyrinchus,species,9,0,0,0,0,0,0,0,0,0,0,0,0,2,6,0,0,0,1,0,0,0,0,0,0,0,0,0,0,0,0,0,0,0,0,0,0,0,0,0,0,0,0
OTU_27,Echiodon,0.99,Opisthokonta,Metazoa,Chordata,Actinopterygii,Ophidiiformes,Carapidae,Echiodon,NA,genus,3,0,0,0,0,0,0,3,0,0,0,0,0,0,0,0,0,0,0,0,0,0,0,0,0,0,0,0,0,0,0,0,0,0,0,0,0,0,0,0,0,0,0
OTU_28,Engraulis encrasicolus,1,Opisthokonta,Metazoa,Chordata,Actinopterygii,Clupeiformes,Engraulidae,Engraulis,Engraulis encrasicolus,species,36396,5,0,3,0,0,1,1,1,37,13,2,1,0,3,0,1,0,0,0,0,255,4644,10729,4664,3734,5217,139,421,67,2,556,399,0,0,1,0,0,2,538,118,2,0
OTU_29,Epigonus denticulatus,1,Opisthokonta,Metazoa,Chordata,Actinopterygii,Pempheriformes,Epigonidae,Epigonus,Epigonus denticulatus,species,321,0,0,0,0,0,0,0,0,0,0,0,0,1,0,0,0,74,57,6,26,0,0,3,0,0,0,0,0,0,0,0,0,0,0,123,5,1,4,0,0,0,0
OTU_30,Etmopterus spinax,0.994413408,Opisthokonta,Metazoa,Chordata,Chondrichthyes,Squaliformes,Etmopteridae,Etmopterus,Etmopterus spinax,species,9,0,0,0,0,0,0,0,0,0,0,0,0,0,0,0,0,1,3,0,0,0,0,0,0,0,0,0,0,0,0,0,0,0,0,0,0,0,0,0,0,0,5
OTU_31,Facciolella oxyrhyncha,0.98,Opisthokonta,Metazoa,Chordata,Actinopterygii,Anguilliformes,Nettastomatidae,Facciolella,Facciolella oxyrhyncha,species,2246,0,0,0,0,0,0,0,0,0,0,0,0,0,0,0,0,0,0,0,0,0,0,0,0,0,0,0,0,0,0,0,0,0,0,0,0,0,0,0,0,1195,1050
OTU_32,Gadiculus argenteus,0.98,Opisthokonta,Metazoa,Chordata,Actinopterygii,Gadiformes,Gadidae,Gadiculus,Gadiculus argenteus,species,9780,3,2,2,1,3,3,1,4,5,52,2,6,410,179,18,34,92,1301,0,0,0,0,1,0,0,0,0,0,0,1,0,0,0,0,62,25,353,817,13,1,0,0
OTU_33,Galeus melastomus,1,Opisthokonta,Metazoa,Chordata,Chondrichthyes,Carcharhiniformes,Scyliorhinidae,Galeus,Galeus melastomus,species,134,0,0,0,1,0,0,0,0,0,0,0,0,0,0,0,0,0,9,0,0,0,0,0,0,0,0,0,0,0,0,0,0,0,0,2,0,0,0,0,0,0,0
OTU_34,Glossanodon,0.98,Opisthokonta,Metazoa,Chordata,Actinopterygii,Argentiniformes,Argentinidae,Glossanodon,NA,genus,37062,7,3,7,109,16,9,7,9,4,96,5144,3047,3930,23067,656,74,2,27,147,387,0,0,3,0,3,0,0,0,0,0,3,0,1,3,253,23,0,0,0,0,4,1
OTU_35,Gnathophis,0.987951807,Opisthokonta,Metazoa,Chordata,Actinopterygii,Anguilliformes,Congridae,Gnathophis,NA,genus,8,0,0,0,0,0,0,0,0,0,0,0,0,3,0,2,0,0,0,0,2,0,0,0,0,0,0,0,0,0,0,0,0,0,0,0,0,0,0,0,0,0,0
OTU_36,Gobius niger,1,Opisthokonta,Metazoa,Chordata,Actinopterygii,Gobiiformes,Gobiidae,Gobius,Gobius niger,species,2,0,0,0,0,0,0,0,0,0,0,0,0,0,0,0,0,0,0,0,0,1,0,1,0,0,0,0,0,0,0,0,0,0,0,0,0,0,0,0,0,0,0
OTU_37,Gymnammodytes,1,Opisthokonta,Metazoa,Chordata,Actinopterygii,Uranoscopiformes,Ammodytidae,Gymnammodytes,NA,genus,72844,55793,6805,138,377,87,20,135,76,7048,2174,43,101,4,19,0,2,0,2,1,0,0,0,0,1,0,1,1,0,2,0,2,1,1,0,0,1,0,0,0,0,1,1
OTU_38,Helicolenus dactylopterus,1,Opisthokonta,Metazoa,Chordata,Actinopterygii,Scorpaeniformes,Sebastidae,Helicolenus,Helicolenus dactylopterus,species,2151,3,0,0,0,0,0,0,2,0,0,0,0,248,765,2,5,0,7,28,65,0,0,1,0,0,0,0,0,0,0,0,0,0,0,453,269,11,216,0,0,2,3
OTU_39,Hoplostethus mediterraneus,0.98,Opisthokonta,Metazoa,Chordata,Actinopterygii,Trachichthyiformes,Trachichthyidae,Hoplostethus,Hoplostethus mediterraneus,species,3565,2,0,1,1,1,0,0,1,0,2,0,1,0,1,0,5,4,8,51,141,0,0,0,0,0,0,0,0,0,0,0,0,0,0,182,32,0,0,0,0,1553,1445
OTU_40,Hygophum benoiti,0.99,Opisthokonta,Metazoa,Chordata,Actinopterygii,Myctophiformes,Myctophidae,Hygophum,Hygophum benoiti,species,2215,1,0,0,0,0,0,0,0,0,0,0,0,0,20,0,0,0,0,0,0,0,0,0,0,0,0,0,0,0,0,0,0,0,0,19,117,0,0,0,0,319,1542
OTU_41,Hygophum hygomii,1,Opisthokonta,Metazoa,Chordata,Actinopterygii,Myctophiformes,Myctophidae,Hygophum,Hygophum hygomii,species,33,0,0,0,0,0,0,0,0,0,0,0,0,0,0,0,0,0,2,0,0,0,0,0,0,0,0,0,0,0,0,0,0,0,0,0,0,0,0,0,0,2,24
OTU_42,Hymenocephalus italicus,0.99,Opisthokonta,Metazoa,Chordata,Actinopterygii,Gadiformes,Macrouridae,Hymenocephalus,Hymenocephalus italicus,species,11329,3,1,0,14,1,1,0,3,4,1,1,3,0,0,0,0,483,3308,69,237,0,1,1,0,0,0,0,0,0,0,0,1,0,0,2310,416,6,9,0,0,1103,2066
OTU_43,Lampanyctus crocodilus,0.99,Opisthokonta,Metazoa,Chordata,Actinopterygii,Myctophiformes,Myctophidae,Lampanyctus,Lampanyctus crocodilus,species,11393,1,0,0,0,0,0,0,1,2,0,0,0,1,4,0,0,258,3259,3,9,0,0,0,0,0,0,0,0,0,0,0,0,1,15,376,29,0,0,0,0,2194,3529
OTU_44,Lepidion lepidion,1,Opisthokonta,Metazoa,Chordata,Actinopterygii,Gadiformes,Moridae,Lepidion,Lepidion lepidion,species,19327,3,1,10,3,5,3,0,4,3,0,5,4,1,1,0,1,0,1,0,0,0,0,0,1,0,0,1,0,1,0,0,1,0,1,0,0,0,2,2,0,0,1
OTU_45,Lepidopus caudatus,1,Opisthokonta,Metazoa,Chordata,Actinopterygii,Scombriformes,Trichiuridae,Lepidopus,Lepidopus caudatus,species,378,0,0,1,0,0,0,0,0,1,0,0,0,1,0,0,0,0,0,4,18,0,0,0,0,0,0,0,0,0,0,0,0,0,0,36,14,3,4,0,0,0,0
OTU_46,Lepidorhombus whiffiagonis,0.99,Opisthokonta,Metazoa,Chordata,Actinopterygii,Pleuronectiformes,Scophthalmidae,Lepidorhombus,Lepidorhombus whiffiagonis,species,7394,4,1,9,1,1106,55,2,150,163,1,11,1,107,137,702,604,32,165,162,326,0,0,0,0,0,0,0,1,0,1,0,0,1,0,1164,554,675,554,0,0,1,0
OTU_47,Lepidotrigla,1,Opisthokonta,Metazoa,Chordata,Actinopterygii,Perciformes,Triglidae,Lepidotrigla,NA,genus,315821,400,165,134,42,80,46,1103,10891,3675,6597,23503,49769,47579,155719,3681,6166,230,2993,96,199,6,6,6,9,1,1,10,11,39,35,16,3,960,1222,11,12,3,7,7,3,7,7
OTU_48,Lesueurigobius friesii,0.993902439,Opisthokonta,Metazoa,Chordata,Actinopterygii,Gobiiformes,Gobiidae,Lesueurigobius,Lesueurigobius friesii,species,56,0,0,0,0,2,0,0,36,0,0,0,0,0,0,0,0,0,0,0,0,0,0,0,0,0,0,0,0,5,0,1,0,0,0,0,0,0,2,0,0,0,0
OTU_49,Lophius budegassa,1,Opisthokonta,Metazoa,Chordata,Actinopterygii,Lophiiformes,Lophiidae,Lophius,Lophius budegassa,species,285,0,0,0,2,1,0,0,0,0,1,36,37,2,0,18,33,2,3,3,1,0,0,0,0,0,0,1,5,2,1,0,0,0,0,0,0,1,1,0,0,0,0
OTU_50,Macroramphosus scolopax,0.99,Opisthokonta,Metazoa,Chordata,Actinopterygii,Syngnathiformes,Centriscidae,Macroramphosus,Macroramphosus scolopax,species,4218,2,3,1,1,310,73,4,42,14,19,540,51,14,17,5,8,6,10,0,0,0,0,0,1,0,0,0,0,0,0,0,0,16,8,0,0,0,1,0,0,0,0
OTU_51,Maurolicus muelleri,1,Opisthokonta,Metazoa,Chordata,Actinopterygii,Stomiiformes,Sternoptychidae,Maurolicus,Maurolicus muelleri,species,908,0,1,1,0,0,0,0,0,0,1,1,43,28,251,289,77,0,0,0,0,0,0,0,0,0,0,0,0,0,0,0,0,0,0,2,0,14,33,0,0,0,0
OTU_52,Merlangius merlangus,1,Opisthokonta,Metazoa,Chordata,Actinopterygii,Gadiformes,Gadidae,Merlangius,Merlangius merlangus,species,1729,0,0,0,0,2,0,0,0,0,0,0,1,0,0,0,0,0,0,0,0,51,0,727,740,23,147,0,3,18,17,0,0,0,0,0,0,0,0,0,0,0,0
OTU_53,Merluccius merluccius,1,Opisthokonta,Metazoa,Chordata,Actinopterygii,Gadiformes,Merlucciidae,Merluccius,Merluccius merluccius,species,387691,271,35,144,595,38829,41933,4329,35844,32693,31469,14675,84564,9294,21002,7376,3583,292,2464,14,25,4,493,6,10,13,24,83,93,6784,1280,1569,893,6502,6819,1491,461,2305,5774,2261,680,10,14
OTU_54,Micromesistius poutassou,1,Opisthokonta,Metazoa,Chordata,Actinopterygii,Gadiformes,Gadidae,Micromesistius,Micromesistius poutassou,species,3077,0,0,1,5,0,0,0,0,1,0,0,1,0,0,0,0,0,0,0,0,0,0,0,0,0,0,0,0,0,0,0,0,0,0,27,1,830,231,2,0,0,1
OTU_55,Molva dypterygia,0.98,Opisthokonta,Metazoa,Chordata,Actinopterygii,Gadiformes,Gadidae,Molva,Molva dypterygia,species,518,0,0,1,0,0,0,0,1,0,0,0,0,0,0,0,0,0,0,0,0,0,0,0,0,0,0,0,0,0,0,0,0,0,0,1,0,18,18,0,0,0,0
OTU_56,Mullus barbatus,0.98,Opisthokonta,Metazoa,Chordata,Actinopterygii,Perciformes,Mullidae,Mullus,Mullus barbatus,species,30155,320,10,26407,1081,32,131,13,290,100,40,617,15,7,13,4,1,1,7,1,2,0,3,35,268,4,7,34,240,0,3,146,53,14,1,3,1,0,0,20,8,1,1
OTU_57,Mullus surmuletus,1,Opisthokonta,Metazoa,Chordata,Actinopterygii,Perciformes,Mullidae,Mullus,Mullus surmuletus,species,68693,8467,215,2446,354,17,35,1087,2201,43195,10338,83,17,3,13,7,3,1,5,1,1,1,0,4,32,0,3,3,27,1,1,31,4,10,1,1,1,1,1,2,1,1,0
OTU_58,Nemichthys scolopaceus,0.993975904,Opisthokonta,Metazoa,Chordata,Actinopterygii,Anguilliformes,Nemichthyidae,Nemichthys,Nemichthys scolopaceus,species,31,0,0,0,0,0,0,0,0,0,0,0,0,0,0,0,0,0,0,0,0,0,0,0,0,0,0,0,0,0,0,0,0,0,0,0,0,0,0,0,0,27,4
OTU_59,Nettastoma melanurum,0.99,Opisthokonta,Metazoa,Chordata,Actinopterygii,Anguilliformes,Nettastomatidae,Nettastoma,Nettastoma melanurum,species,6319,0,0,1,1,0,0,0,2,0,0,0,2,0,0,0,1,110,214,0,1,0,0,0,0,0,1,0,0,0,0,0,0,1,0,57,18,0,0,0,0,12,14
OTU_60,Nezumia,0.99,Opisthokonta,Metazoa,Chordata,Actinopterygii,Gadiformes,Macrouridae,Nezumia,NA,genus,1630,0,0,1,2,0,0,0,1,0,0,3,0,0,0,0,0,0,0,0,1,0,0,0,0,0,0,0,0,0,0,0,0,0,0,8,11,0,0,0,0,9,7
OTU_61,Notacanthus bonaparte,0.98,Opisthokonta,Metazoa,Chordata,Actinopterygii,Notacanthiformes,Notacanthidae,Notacanthus,Notacanthus bonaparte,species,872,0,0,0,0,0,0,0,0,0,0,0,0,0,0,0,0,0,0,0,0,0,0,0,0,0,0,0,0,0,0,0,0,0,0,1,0,0,0,0,0,75,293
OTU_62,Notoscopelus elongatus,0.99,Opisthokonta,Metazoa,Chordata,Actinopterygii,Myctophiformes,Myctophidae,Notoscopelus,Notoscopelus elongatus,species,2639,0,0,0,0,0,1,0,0,0,0,0,0,9,803,0,0,756,749,0,0,0,0,0,0,0,0,0,0,0,0,0,0,0,0,0,0,1,0,0,0,94,226
OTU_63,Pagellus acarne,1,Opisthokonta,Metazoa,Chordata,Actinopterygii,Spariformes,Sparidae,Pagellus,Pagellus acarne,species,143626,1592,353,89266,29719,6227,593,572,4682,3100,3235,29,247,17,34,8,9,1,11,2,4,2,2,3,6,1,5,253,2887,5,1,46,8,5,3,2,5,1,3,86,29,6,2
OTU_64,Pagellus bogaraveo,0.98,Opisthokonta,Metazoa,Chordata,Actinopterygii,Spariformes,Sparidae,Pagellus,Pagellus bogaraveo,species,1349,20,41,144,219,10,0,3,1,27,7,0,0,0,0,0,0,0,0,0,1,0,0,0,0,0,0,0,0,0,0,144,9,0,0,0,1,0,0,503,211,1,0
OTU_65,Pagellus erythrinus,1,Opisthokonta,Metazoa,Chordata,Actinopterygii,Spariformes,Sparidae,Pagellus,Pagellus erythrinus,species,75378,56667,6891,147,155,59,9,37,243,9606,446,1,3,0,33,0,0,0,1,0,0,17,0,4,3,0,2,262,205,5,1,286,163,0,0,1,0,2,3,42,68,0,0
OTU_66,Pagrus pagrus,0.98,Opisthokonta,Metazoa,Chordata,Actinopterygii,Spariformes,Sparidae,Pagrus,Pagrus pagrus,species,6920,5667,293,1,2,1,0,0,3,857,55,0,0,2,0,0,0,0,0,0,0,0,0,0,0,0,0,11,4,0,0,18,3,0,0,0,0,0,0,3,0,0,0
OTU_67,Peristedion,0.98,Opisthokonta,Metazoa,Chordata,Actinopterygii,Perciformes,Peristediidae,Peristedion,NA,genus,7578,8,1,2,9,0,1,0,2,2,2,1,15,464,856,1292,4501,17,395,0,1,0,0,1,1,0,0,0,1,0,0,0,0,1,0,0,0,2,0,0,0,0,0
OTU_68,Phycis blennoides,1,Opisthokonta,Metazoa,Chordata,Actinopterygii,Gadiformes,Phycidae,Phycis,Phycis blennoides,species,32819,12,3,11,3,2,7,2,2,7,3,4,14,2,4,0,0,909,6193,355,885,1,1,0,0,1,1,0,2,0,0,2,1,2,2,1115,471,7,7,5,0,49,157
OTU_69,Pomatoschistus minutus,0.99,Opisthokonta,Metazoa,Chordata,Actinopterygii,Gobiiformes,Gobiidae,Pomatoschistus,Pomatoschistus minutus,species,1932,2,0,0,0,0,1,0,0,5,0,0,0,0,0,0,0,0,0,0,0,1566,1,3,7,0,1,0,0,316,29,0,0,0,0,0,0,0,0,0,0,0,0
OTU_70,Pseudaphya ferreri,1,Opisthokonta,Metazoa,Chordata,Actinopterygii,Gobiiformes,Gobiidae,Pseudaphya,Pseudaphya ferreri,species,11430,11214,101,9,50,2,0,2,36,11,1,0,0,0,0,0,0,0,0,0,0,0,0,0,0,0,0,0,1,0,0,0,0,1,0,0,0,0,0,0,0,0,0
OTU_71,Raja,0.994350283,Opisthokonta,Metazoa,Chordata,Chondrichthyes,Rajiformes,Rajidae,Raja,NA,genus,6,0,0,0,0,0,0,0,0,0,0,2,3,0,0,0,1,0,0,0,0,0,0,0,0,0,0,0,0,0,0,0,0,0,0,0,0,0,0,0,0,0,0
OTU_72,Raja brachyura,1,Opisthokonta,Metazoa,Chordata,Chondrichthyes,Rajiformes,Rajidae,Raja,Raja brachyura,species,30,18,0,0,0,0,0,0,4,0,2,0,0,1,3,0,0,0,1,0,0,0,0,0,0,0,0,0,0,0,0,0,0,0,0,0,0,0,0,0,0,0,0
OTU_73,Raja miraletus,1,Opisthokonta,Metazoa,Chordata,Chondrichthyes,Rajiformes,Rajidae,Raja,Raja miraletus,species,55,0,0,0,0,0,0,0,0,46,9,0,0,0,0,0,0,0,0,0,0,0,0,0,0,0,0,0,0,0,0,0,0,0,0,0,0,0,0,0,0,0,0
OTU_74,Sarda sarda,1,Opisthokonta,Metazoa,Chordata,Actinopterygii,Perciformes,Scombridae,Sarda,Sarda sarda,species,1360,1,0,1,0,0,0,0,0,0,0,0,0,1,0,1,0,0,0,0,0,0,0,0,0,0,0,0,0,0,0,0,0,0,0,0,0,465,891,0,0,0,0
OTU_75,Sardina pilchardus,1,Opisthokonta,Metazoa,Chordata,Actinopterygii,Clupeiformes,Clupeidae,Sardina,Sardina pilchardus,species,60013,17,3,4017,1114,103,14,8,11,20,7,9,13,7,8,3,2,0,2,2,1,2298,5465,4335,4955,7151,8244,337,2968,973,59,5746,3654,1,1,0,0,0,2,4614,1724,0,0
OTU_76,Sardinella aurita,0.99,Opisthokonta,Metazoa,Chordata,Actinopterygii,Clupeiformes,Clupeidae,Sardinella,Sardinella aurita,species,1081,2,12,1,0,0,0,0,0,692,367,1,0,0,1,0,0,0,0,0,0,0,0,0,0,0,0,0,0,0,0,0,0,0,0,0,0,0,0,2,1,0,0
OTU_77,Scomber colias,0.98,Opisthokonta,Metazoa,Chordata,Actinopterygii,Scombriformes,Scombridae,Scomber,Scomber colias,species,13,0,0,1,0,0,0,0,0,0,0,0,1,0,0,0,0,0,0,0,0,0,0,0,0,0,0,0,4,1,0,0,0,0,0,0,0,0,0,0,0,0,0
OTU_78,Scomber scombrus,0.981818182,Opisthokonta,Metazoa,Chordata,Actinopterygii,Scombriformes,Scombridae,Scomber,Scomber scombrus,species,835,0,0,37,15,1,0,0,0,0,0,0,17,0,0,0,0,0,0,0,0,10,0,6,1,2,0,40,142,26,1,0,0,0,0,0,0,0,0,0,0,0,0
OTU_79,Scorpaena scrofa,0.99,Opisthokonta,Metazoa,Chordata,Actinopterygii,Perciformes,Scorpaenidae,Scorpaena,Scorpaena scrofa,species,187,0,0,0,0,0,0,0,0,0,0,0,0,0,0,0,0,0,0,0,0,2,0,0,0,0,0,41,144,0,0,0,0,0,0,0,0,0,0,0,0,0,0
OTU_80,Scyliorhinus canicula,0.988764045,Opisthokonta,Metazoa,Chordata,Chondrichthyes,Carcharhiniformes,Scyliorhinidae,Scyliorhinus,Scyliorhinus canicula,species,8,0,0,0,0,0,0,0,0,0,0,0,0,1,5,1,1,0,0,0,0,0,0,0,0,0,0,0,0,0,0,0,0,0,0,0,0,0,0,0,0,0,0
OTU_81,Serranus,0.98,Opisthokonta,Metazoa,Chordata,Actinopterygii,Perciformes,Serranidae,Serranus,NA,genus,1324,49,0,0,1,0,0,0,0,174,58,0,1,0,0,0,0,0,0,0,0,10,193,1,1,246,15,1,82,23,5,0,0,0,0,0,0,0,0,69,26,0,0
OTU_82,Serranus cabrilla,1,Opisthokonta,Metazoa,Chordata,Actinopterygii,Perciformes,Serranidae,Serranus,Serranus cabrilla,species,262,11,0,3,148,1,1,1,0,26,70,0,0,0,0,0,0,0,0,0,0,0,0,0,0,0,0,0,0,0,0,0,0,0,0,0,0,0,0,0,1,0,0
OTU_83,Solea solea,0.981818182,Opisthokonta,Metazoa,Chordata,Actinopterygii,Pleuronectiformes,Soleidae,Solea,Solea solea,species,7351,51,0,1,0,0,0,448,1495,2772,2570,1,0,1,2,0,0,0,0,0,0,4,0,1,1,0,0,0,0,0,0,1,0,0,1,0,0,0,0,0,0,0,0
OTU_84,Spicara,1,Opisthokonta,Metazoa,Chordata,Actinopterygii,Spariformes,Sparidae,Spicara,NA,genus,356704,229915,18117,6541,5047,720,124,347,2608,42638,20120,1632,4887,3563,11081,574,1668,37,426,13,32,19,2,11,19,2,3,350,972,8,5,525,86,152,150,3,2,1,6,290,101,2,3
OTU_85,Sprattus sprattus,1,Opisthokonta,Metazoa,Chordata,Actinopterygii,Clupeiformes,Clupeidae,Sprattus,Sprattus sprattus,species,38276,2,2,3,0,4,4,0,5,0,1,0,1,0,1,0,3,1,0,0,0,5,9218,4931,4709,6764,5272,8,0,4890,338,0,1,2,0,0,0,0,0,1,0,0,0
OTU_86,Stomias boa,1,Opisthokonta,Metazoa,Chordata,Actinopterygii,Stomiiformes,Stomiidae,Stomias,Stomias boa,species,159,0,0,0,1,0,0,0,0,0,0,0,0,0,0,0,0,1,3,0,0,0,0,0,0,0,0,0,1,0,0,33,2,6,4,80,6,0,0,0,0,11,8
OTU_87,Symphodus cinereus,0.99,Opisthokonta,Metazoa,Chordata,Actinopterygii,Labriformes,Labridae,Symphodus,Symphodus cinereus,species,6,5,0,0,0,0,0,0,0,0,0,0,0,0,1,0,0,0,0,0,0,0,0,0,0,0,0,0,0,0,0,0,0,0,0,0,0,0,0,0,0,0,0
OTU_88,Thunnus thynnus,1,Opisthokonta,Metazoa,Chordata,Actinopterygii,Scombriformes,Scombridae,Thunnus,Thunnus thynnus,species,14,0,0,0,0,0,0,0,0,0,0,0,0,0,0,0,0,0,0,0,0,0,0,0,0,0,0,0,0,0,0,0,0,0,0,0,0,0,0,0,0,0,0
OTU_89,Trachinus draco,1,Opisthokonta,Metazoa,Chordata,Actinopterygii,Perciformes,Trachinidae,Trachinus,Trachinus draco,species,70,0,0,0,0,0,0,1,0,0,0,0,0,0,0,0,0,0,0,0,0,21,0,0,0,0,0,5,43,0,0,0,0,0,0,0,0,0,0,0,0,0,0
OTU_90,Trachurus mediterraneus,0.98,Opisthokonta,Metazoa,Chordata,Actinopterygii,Perciformes,Trachinidae,Trachinus,Trachurus mediterraneus,species,24,5,0,0,2,2,0,0,0,0,4,0,0,0,0,0,0,0,0,0,0,0,0,0,0,0,0,1,3,2,0,0,1,0,0,0,0,0,2,0,0,0,0
OTU_91,Trachurus trachurus,1,Opisthokonta,Metazoa,Chordata,Actinopterygii,Carangiformes,Carangidae,Trachurus,Trachurus trachurus,species,152001,3830,173,3538,3606,20479,36688,475,3111,5915,5019,56,116,51,66,413,188,36,105,6,11,2012,1856,6141,7498,283,771,416,3134,9839,1497,2320,1037,3841,498,30,3,1189,715,1233,541,2,2
OTU_92,Trachyrincus,0.99,Opisthokonta,Metazoa,Chordata,Actinopterygii,Gadiformes,Macrouridae,Trachyrincus,NA,genus,15317,2,0,2,0,1,2,0,3,3,1,2,1,0,1,0,0,0,1,0,0,0,0,0,0,0,0,0,0,0,0,0,0,0,3,0,0,0,0,0,0,0,0
OTU_93,Trisopterus capelanus,0.99,Opisthokonta,Metazoa,Chordata,Actinopterygii,Gadiformes,Gadidae,Trisopterus,Trisopterus capelanus,species,15667,5,1,6,3,2072,185,191,530,435,196,1408,168,1050,372,176,54,1,10,2,8,6,0,0,0,0,2,64,111,74,3,2,0,5213,1433,2,0,87,295,0,5,0,0
OTU_94,Uranoscopus scaber,0.98,Opisthokonta,Metazoa,Chordata,Actinopterygii,Uranoscopiformes,Uranoscopidae,Uranoscopus,Uranoscopus scaber,species,598,0,0,0,0,0,0,17,218,147,214,0,0,1,0,0,0,0,0,0,0,0,0,0,0,0,0,0,0,0,0,1,0,0,0,0,0,0,0,0,0,0,0
OTU_95,Zeus faber,1,Opisthokonta,Metazoa,Chordata,Actinopterygii,Zeiformes,Zeidae,Zeus,Zeus faber,species,11381,10334,337,116,76,4,0,12,36,170,0,66,2,117,18,9,1,0,1,0,0,1,0,0,0,0,0,0,2,0,0,0,0,0,0,1,3,24,45,0,0,0,0
